	NR	Er du over 16 år og IKKE skeiv/LHBTIQ&#43;?	Alder	Region	Kjonnsidentitet	Marginalisert_ident	Spesifiser_marg_ident	Sist_besok	Hyppighet	Urban	Deichman	utrygt	m_med_respekt	Utvalg_KID	Utvalg_Orientering	Utvalg_lykkelig	Rep_matters_B	Bib_pleier_ha	Jeg er interessert i å lese bøker om skeive/LHBTIQ&#43;-karakterer	Alltid_velkommen	Minoritetsstress_ansatte	Minoritetsstress_brukere	Helt_meg_selv	Trygge_rom_gen_B	UV	UBU	Andre_temaer	Arr	Holdning_UV	Holdning_UBU	Holdning_Andre_temaer	Holdning_Arr	Ikke_velkommen	Rep_matters_IB	Trygge_rom_gen_IB	Overall_tilfredshet	Svartid
0	12573389	Y	30-44	O	M	N		3-11 måneder siden	6-9 ganger		Y	-2.0	2.0		2.0	2.0	2.0	1.0		2.0	-2.0	-2.0	2.0	0.0	-1.0	-2.0	0.0	-2.0	2.0	2.0	2.0	2.0				6.0	9 minutter 49 sekunder
1	12573748	Y	30-44	T	M	N		3-6 år siden	1-2 ganger	Y	N	-2.0	2.0	1.0			-2.0	1.0		2.0	-2.0	-2.0	2.0	0.0												5.0	3 minutter 33 sekunder
2	12573845	Y	30-44	O	M	N		Mindre enn 3 måneder siden	20-39 ganger		Y	-2.0	-2.0	2.0	2.0	2.0	-2.0	2.0		2.0	-2.0	-1.0	1.0	-2.0	0.0	-2.0	0.0	-2.0	1.0	2.0	2.0	2.0				6.0	4 minutter 35 sekunder
3	12574060	Y	30-44	O	K	N		Mindre enn 3 måneder siden	20-39 ganger		Y	-1.0	1.0	0.0	0.0	2.0	0.0	1.0		2.0	-2.0	-2.0	2.0	0.0	-1.0	-2.0	-2.0	-2.0	2.0	2.0	2.0	2.0				6.0	3 minutter 35 sekunder
4	12574124	Y	45-60	V	K	N		Mindre enn 3 måneder siden	3-5 ganger	Y	N	-2.0	2.0	2.0	2.0	2.0	0.0	1.0		2.0	0.0	-2.0	1.0	2.0												7.0	2 minutter 35 sekunder
5	12574138	Y	30-44	O	K	N		3-11 måneder siden	3-5 ganger		Y	-2.0	2.0					2.0		2.0	-2.0	-2.0	2.0	2.0												6.0	7 minutter 59 sekunder
6	12574212	Y	45-60	O	K	N		Mindre enn 3 måneder siden	10-19 ganger		Y	-1.0	2.0	0.0	0.0	0.0	2.0	1.0		1.0	-2.0	-2.0	2.0	2.0	-1.0	-2.0	-1.0	-1.0	2.0	2.0	2.0	2.0				5.0	7 minutter 36 sekunder
7	12574242	Y	Over_60	O	K	N		Mindre enn 3 måneder siden	3-5 ganger	N	N	-2.0	2.0	0.0	0.0	0.0	0.0	0.0		0.0	-2.0	-2.0	0.0	2.0												7.0	4 minutter 48 sekunder
8	12574288	Y	16-29	O	K	N		Mindre enn 3 måneder siden	40 ganger eller mer		Y	-1.0	1.0	2.0	2.0	1.0	1.0	-1.0		1.0	1.0	1.0	-1.0	1.0	0.0	-2.0	1.0	-2.0	2.0	2.0	2.0	2.0				6.0	3 minutter 45 sekunder
9	12574325	Y	45-60	O	M	N		3-11 måneder siden	10-19 ganger		Y	-2.0	2.0	2.0	2.0	2.0		2.0		2.0	-2.0		2.0	0.0	0.0	1.0	0.0	-2.0	0.0	0.0	0.0	1.0				6.0	5 minutter 51 sekunder
10	12574340	Y	16-29	O	K	Y	Overvekt og funksjonsnedsetning	1-3 år siden	1-2 ganger	Y	N	-1.0	1.0	1.0	2.0	2.0	1.0	-1.0		1.0	-1.0	1.0	2.0	1.0												4.0	7 minutter 54 sekunder
11	12574349	Y	30-44	O	M	N		Mindre enn 3 måneder siden	20-39 ganger		Y	-2.0	2.0	2.0	2.0	1.0	-1.0	2.0		2.0	-2.0	-2.0	2.0	0.0	-1.0	-2.0	1.0	-1.0	1.0	1.0	2.0	1.0				7.0	3 minutter 15 sekunder
12	12574361	Y	Over_60	T	M	U	Anarkist.	Mindre enn 3 måneder siden	40 ganger eller mer	Y	N	-1.0	2.0		2.0		1.0	2.0		2.0	-2.0	-2.0	2.0	2.0	1.0	1.0	1.0	1.0	2.0	2.0	2.0	2.0				6.0	6 minutter 28 sekunder
13	12574408	Y	16-29	O	M	Y	Jeg innvandret til Norge fra et annet europeisk land og sleit lenge med å lære språket.	Mindre enn 3 måneder siden	10-19 ganger	N	N	-1.0	1.0	2.0	2.0	2.0	-1.0	1.0		2.0	1.0	2.0	0.0	2.0	1.0	0.0	2.0	0.0	2.0	2.0	2.0	2.0				6.0	13 minutter 25 sekunder
14	12574413	Y	16-29	O	K	N		Mindre enn 3 måneder siden	6-9 ganger	N	N	-1.0	1.0	2.0	2.0	2.0	1.0	-1.0		-1.0	1.0	1.0	-1.0	1.0	-1.0	-1.0	-2.0	-1.0	2.0	2.0	1.0	2.0				3.0	12 minutter 54 sekunder
15	12574414	Y	30-44	O	K	N		3-11 måneder siden	3-5 ganger		Y	-2.0	2.0	2.0	2.0	2.0	0.0	1.0		2.0	-2.0	-2.0	2.0	2.0												6.0	3 minutter 33 sekunder
16	12574493	Y	45-60	O	K	N		Mindre enn 3 måneder siden	6-9 ganger		Y	-2.0	1.0				-1.0	1.0		2.0	-2.0	-2.0	2.0	1.0	-2.0	-2.0	-2.0	-2.0	1.0	1.0	1.0	1.0				6.0	7 minutter 42 sekunder
17	12574566	Y	30-44	O	K	N		3-11 måneder siden	1-2 ganger	Y	N	2.0	1.0	-2.0	2.0	2.0	1.0	2.0		2.0	-2.0	-2.0	2.0	0.0												7.0	3 minutter 26 sekunder
18	12574662	Y	30-44	V	K	N		Mindre enn 3 måneder siden	20-39 ganger	Y	N	-2.0	1.0	2.0	2.0	2.0	-2.0	0.0		2.0	-2.0	-2.0	2.0	0.0	-1.0	0.0	0.0	-1.0	2.0	2.0	2.0	2.0				6.0	5 minutter 7 sekunder
19	12574705	Y	Over_60	O	K	N		Mindre enn 3 måneder siden	10-19 ganger		Y	-2.0	2.0	2.0	2.0	2.0	0.0	0.0		2.0	0.0	-2.0	2.0	2.0	2.0	1.0	2.0	1.0	0.0	0.0	0.0	0.0				6.0	6 minutter 6 sekunder
20	12574748	Y	45-60	O	K	N		Mindre enn 3 måneder siden	10-19 ganger	Y	N	-1.0	2.0	2.0	2.0	2.0	-1.0	-1.0		-1.0	-2.0	-2.0	2.0	2.0	1.0	-2.0	1.0	-2.0	2.0	2.0	2.0	2.0				6.0	12 minutter 8 sekunder
21	12574771	Y	16-29	O	K	Y	Etnisk minoritetsbakgrunn, religiøs minoritet	Mindre enn 3 måneder siden	6-9 ganger	N	N	-1.0	0.0	1.0	2.0	-1.0	1.0	-1.0		1.0	0.0	0.0	0.0	-1.0	-2.0	-2.0	-2.0	-2.0	2.0	2.0	2.0	2.0				5.0	11 minutter 38 sekunder
22	12574780	Y	30-44	O	M	N		Mindre enn 3 måneder siden	6-9 ganger		Y	-2.0	2.0	2.0	2.0	2.0	0.0	2.0		2.0	-2.0	-2.0	2.0	2.0	0.0	0.0	0.0	0.0	1.0	1.0	1.0	1.0				5.0	5 minutter 37 sekunder
23	12574799	Y	30-44	O	K	N		Mindre enn 3 måneder siden	20-39 ganger		Y	-1.0	1.0	2.0	2.0	1.0	-1.0	2.0		2.0	-1.0	-2.0	2.0	2.0	-1.0	-2.0	-2.0	-2.0	2.0	2.0	2.0	2.0				7.0	3 minutter 57 sekunder
24	12574811	Y	30-44	O	K	Y	innvandrer	1-3 år siden	20-39 ganger	Y	N	-2.0	2.0	-1.0		-1.0	0.0	1.0		2.0	-2.0	1.0	1.0	2.0	1.0	-2.0	1.0	0.0	2.0	2.0	2.0	2.0				6.0	8 minutter 43 sekunder
25	12574814	Y	30-44	O	M	N		Mindre enn 3 måneder siden	10-19 ganger		Y	-1.0	2.0	2.0	2.0		-2.0	1.0		2.0	-2.0	-2.0	2.0	1.0	0.0	0.0	1.0	0.0	2.0	2.0	2.0	2.0				6.0	6 minutter 13 sekunder
26	12574833	Y	Over_60	O	K	N		Mindre enn 3 måneder siden	20-39 ganger		Y	-2.0	2.0	2.0				2.0		2.0	-2.0			2.0	1.0	1.0	1.0	0.0	2.0	2.0	2.0	2.0				5.0	6 minutter 58 sekunder
27	12575090	Y	30-44	T	K	N		Mindre enn 3 måneder siden	20-39 ganger	Y	N	-1.0	2.0	2.0	2.0	2.0	1.0	-1.0		2.0	-1.0	-2.0	1.0	1.0	-1.0	-2.0	-2.0	-2.0	2.0	2.0	2.0	2.0				5.0	9 minutter 30 sekunder
28	12575172	Y	30-44	O	K	N		Mindre enn 3 måneder siden	40 ganger eller mer	Y	N	-1.0	1.0	2.0	2.0	2.0	1.0	1.0		2.0	2.0	1.0	2.0	0.0	1.0	0.0	0.0	-2.0	0.0	-1.0	0.0	0.0				6.0	4 minutter 54 sekunder
29	12575186	Y	30-44	O	M	Y	Hørselshemmet	1-3 år siden	1-2 ganger		Y	-2.0	2.0				1.0	1.0		2.0	-2.0	-1.0	1.0	-2.0												3.0	6 minutter 13 sekunder
30	12575205	Y	45-60	T	M	N		3-11 måneder siden	1-2 ganger	Y	N	-2.0	1.0				1.0	1.0		1.0	-1.0	-1.0	-2.0	0.0												5.0	4 minutter 8 sekunder
31	12575248	Y	Over_60	O	K	N		Mindre enn 3 måneder siden	10-19 ganger		Y	2.0	2.0					2.0		2.0	-2.0	-2.0		0.0	-2.0	-2.0	-2.0	-2.0	0.0	0.0	0.0	1.0				7.0	10 minutter 4 sekunder
32	12575257	Y	Over_60	O	K	N		Mindre enn 3 måneder siden	6-9 ganger		Y	-2.0	2.0	2.0	2.0	2.0	-2.0	1.0		2.0	-2.0	-2.0	2.0	0.0	1.0	1.0	1.0	1.0	2.0	2.0	2.0	2.0				7.0	6 minutter 27 sekunder
33	12575303	Y	30-44	V	M	N		Mindre enn 3 måneder siden	6-9 ganger	Y	N	-2.0	2.0	2.0	2.0	2.0	-1.0	1.0		2.0	-2.0	-1.0	2.0	2.0	-2.0	0.0	0.0	-2.0	2.0	2.0	2.0	2.0				6.0	6 minutter 29 sekunder
34	12575333	Y	30-44	O	K	N		Mindre enn 3 måneder siden	10-19 ganger		Y	-2.0	2.0	2.0	2.0	2.0	2.0	1.0		2.0	-2.0	-2.0	2.0	1.0	-1.0	-1.0	2.0	1.0	2.0	2.0	2.0	2.0				7.0	3 minutter 17 sekunder
35	12575493	Y	16-29	O	K	N		3-11 måneder siden	3-5 ganger	N	N	-2.0	2.0	2.0	0.0	0.0	1.0	-1.0		2.0	-2.0	-2.0	2.0	1.0												5.0	6 minutter
36	12575503	Y	30-44	O	K	Y	Er psykisk syk	1-3 år siden	1-2 ganger		Y	-2.0	1.0	0.0	2.0	2.0	0.0	0.0		1.0	1.0	1.0	-1.0	0.0												5.0	5 minutter 44 sekunder
37	12575774	Y	16-29	O	K	N		Mindre enn 3 måneder siden	3-5 ganger		Y	-2.0	2.0	-1.0	2.0	1.0	-1.0	1.0		2.0	-2.0	-2.0	2.0	1.0												7.0	7 minutter 26 sekunder
38	12575816	Y	45-60	O	K	N		6 år siden eller mer																													2 minutter 42 sekunder
39	12575880	Y	16-29	T	K	U		3-11 måneder siden	3-5 ganger	Y	N	-1.0	1.0	0.0	1.0	-2.0	-2.0	-2.0		1.0	-1.0	2.0	0.0	1.0												5.0	5 minutter 7 sekunder
40	12575976	Y	45-60	O	M	N		3-6 år siden	1-2 ganger	Y	N	-2.0	2.0	0.0	0.0	0.0	0.0			2.0	-2.0	-2.0	2.0	0.0												4.0	4 minutter 26 sekunder
41	12576045	Y	45-60	O	K	N		3-6 år siden	1-2 ganger	Y	N	-2.0	2.0	2.0	2.0	2.0	0.0	2.0		2.0	-2.0	-2.0	2.0	2.0												6.0	10 minutter 36 sekunder
42	12576082	Y	30-44	O	K	N		Mindre enn 3 måneder siden	10-19 ganger	Y	N	-2.0	1.0	0.0	0.0	0.0	0.0	0.0		0.0	-2.0	-2.0	2.0	0.0	-2.0	-2.0	-2.0	-1.0	2.0	2.0	2.0	2.0				6.0	13 minutter 26 sekunder
43	12576436	Y	30-44	O	M	U	Jeg er en vestlig innvandrer som lys hud og blå øyner, slik at folk tenker jeg er nordmann fram til jeg åpner munnen for å tåle. Hvordan dette påvirker folks tilnærming til meg kan veksle betydelig, da jeg ikke har en lett kjennbar akksang og folk ofte gjetter feil om mitt opprinnelsesland. Også om de veit at jeg er en Amerikaner så kan folk reagere forkjellige. Jeg har også ADHD og snakker sakte fordi jeg blir alltid usikker på hvordan jeg skal best ordlegge meg, uansett om jeg snakker norsk eller engelsk. Jeg er også tilknyttet et minoritetsreligion og er også i minoritet I forhold til politisk-filosofisk overbevisning.	Mindre enn 3 måneder siden	6-9 ganger		Y	-1.0	1.0	2.0	2.0	2.0	0.0	-1.0		-1.0	1.0	-1.0	-2.0	2.0	-2.0	-2.0	-2.0	-2.0	0.0	-2.0	0.0	0.0				6.0	41 minutter 51 sekunder
44	12576453	Y	16-29	O	M	N		3-11 måneder siden	1-2 ganger	Y	N	-2.0	1.0	2.0	2.0	-1.0	-2.0	-1.0		2.0	-1.0	1.0	-1.0	1.0												6.0	12 minutter 2 sekunder
45	12576693	Y	16-29	T	M	N		Mindre enn 3 måneder siden	20-39 ganger	Y	N	-2.0	1.0	2.0	2.0	2.0	-1.0	1.0		2.0	-2.0	-2.0	2.0	1.0	0.0	0.0	1.0	-1.0	2.0	2.0	2.0	2.0				6.0	4 minutter 36 sekunder
46	12576812	Y	30-44	O	K	N		1-3 år siden	1-2 ganger		Y	-2.0	2.0	0.0	0.0	0.0	0.0	0.0		2.0	-2.0	-2.0	2.0	2.0												5.0	3 minutter 53 sekunder
47	12577242	Y	30-44	O	M	N		Mindre enn 3 måneder siden	20-39 ganger		Y	-1.0	2.0	2.0	2.0	2.0	-1.0	1.0		1.0	-2.0	-2.0	2.0	1.0	-1.0	-1.0	0.0	-1.0	2.0	2.0	2.0	2.0				6.0	8 minutter 13 sekunder
48	12577275	Y	16-29	O	M	U	kurder	Mindre enn 3 måneder siden	40 ganger eller mer	Y	N	-2.0	2.0	0.0	0.0		-2.0	0.0		0.0	0.0	0.0	2.0	-1.0	-1.0	-2.0	-2.0	-2.0	-2.0	-2.0	-2.0	0.0				7.0	12 minutter 22 sekunder
49	12577534	Y	16-29	O	K	N		Mindre enn 3 måneder siden	6-9 ganger		Y	-2.0	1.0	2.0	2.0	2.0	2.0	1.0		2.0	-2.0	-2.0	2.0	1.0	1.0	1.0	0.0	-2.0	2.0	2.0	2.0	1.0				6.0	2 timer 53 minutter 15 sekunder
50	12577556	Y	30-44	O	M	N		Mindre enn 3 måneder siden	6-9 ganger		Y	-2.0	1.0	2.0	2.0	2.0	1.0	2.0		1.0	-2.0	-1.0	2.0	1.0	2.0	0.0	0.0	-2.0	1.0	1.0	2.0	2.0				6.0	4 minutter 11 sekunder
51	12578187	Y	45-60	O	K	N		1-3 år siden	1-2 ganger		Y	-2.0	1.0	2.0	2.0		2.0			2.0			2.0	2.0												4.0	12 minutter 47 sekunder
52	12578513	Y	45-60	N	K	N		Mindre enn 3 måneder siden	40 ganger eller mer	N	N	-1.0	1.0	2.0	0.0	0.0	1.0	1.0		2.0	-2.0	-2.0	2.0	2.0	0.0	-1.0	0.0	-1.0	2.0	2.0	2.0	2.0				6.0	8 minutter 42 sekunder
53	12578609	Y	30-44	V	K	N		Mindre enn 3 måneder siden	10-19 ganger		Y	-1.0	1.0	1.0	1.0	1.0	1.0	1.0		2.0	1.0	1.0	1.0	2.0	-1.0	-2.0	-2.0	-2.0	2.0	2.0	2.0	2.0				6.0	6 minutter 52 sekunder
54	12578713	Y	30-44	T	M	N		Mindre enn 3 måneder siden	20-39 ganger	Y	N	-2.0	2.0	2.0	2.0	2.0	1.0	1.0		2.0	-2.0	-2.0	2.0	1.0	0.0	0.0	0.0	-1.0	2.0	2.0	2.0	2.0				5.0	26 minutter 18 sekunder
55	12578834	Y	Over_60	O	M	Y	Bevegelseshemmet	Mindre enn 3 måneder siden	6-9 ganger	Y	N	-2.0	2.0	2.0	2.0	2.0	1.0	2.0		2.0	-2.0	-2.0	2.0	2.0	-1.0	-1.0	-1.0	-1.0	2.0	2.0	2.0	2.0				7.0	3 minutter 33 sekunder
56	12578848	Y	45-60	N	K	N		Mindre enn 3 måneder siden	6-9 ganger	N	N	-2.0	2.0	2.0	2.0	2.0	2.0	-1.0		2.0	-2.0	-1.0	1.0	1.0	-1.0	-1.0	0.0	-1.0	2.0	2.0	2.0	2.0				5.0	3 minutter 16 sekunder
57	12578933	Y	30-44	V	M	N		3-11 måneder siden	3-5 ganger	Y	N	-2.0	2.0	2.0	2.0	2.0	-1.0	1.0		2.0	1.0	-1.0	1.0	1.0												6.0	2 minutter 54 sekunder
58	12578941	Y	16-29	O	M	N		Mindre enn 3 måneder siden	10-19 ganger		Y	-2.0	1.0	2.0	2.0	0.0	-1.0	1.0		2.0	-1.0	1.0	-2.0	1.0	-1.0	-1.0	-2.0	-1.0	2.0	2.0	2.0	2.0				7.0	5 minutter 8 sekunder
59	12578996	Y	30-44	O	K	N		1-3 år siden	1-2 ganger		Y	-1.0	1.0	2.0	2.0	2.0	2.0	2.0		2.0	-1.0	-1.0	1.0	1.0												5.0	2 minutter 26 sekunder
60	12579033	Y	30-44	O	M	N		3-11 måneder siden	10-19 ganger	Y	N	-1.0	1.0	2.0	2.0	2.0	-2.0	1.0		2.0	-2.0	-1.0	1.0	0.0	-2.0	-2.0	-2.0	-2.0	2.0	2.0	2.0	2.0				6.0	9 minutter 53 sekunder
61	12579152	Y	30-44	T	M	N		3-11 måneder siden	3-5 ganger	Y	N	-1.0	2.0			0.0	1.0	0.0		-2.0	-2.0	1.0	2.0	2.0												7.0	5 minutter 7 sekunder
62	12579159	Y	45-60	T	K	N		3-11 måneder siden	6-9 ganger	Y	N	-2.0	2.0	2.0	2.0	2.0	2.0	-1.0		2.0	-2.0	-2.0	2.0	1.0	-1.0	-2.0	-2.0	-2.0	2.0	2.0	2.0	2.0				6.0	3 minutter 17 sekunder
63	12579420	Y	30-44	V	K	N		3-11 måneder siden	3-5 ganger	Y	N	-2.0	2.0	2.0	2.0	2.0	-1.0	1.0		2.0	-2.0	-2.0	2.0	1.0												6.0	5 minutter 39 sekunder
64	12579648	Y	30-44	O	M	N		6 år siden eller mer																									-2.0	-1.0	2.0		1 minutt 16 sekunder
65	12579923	Y	45-60	O	K	N		Mindre enn 3 måneder siden	20-39 ganger	Y	N	-2.0	2.0	2.0	2.0	1.0	1.0	1.0		2.0	-2.0	-2.0	2.0	1.0	-1.0	-2.0	-1.0	-1.0	2.0	2.0	2.0	2.0				6.0	3 minutter 31 sekunder
66	12580061	Y	45-60	O	K	N		1-3 år siden	1-2 ganger		Y	-2.0	2.0	2.0	2.0	0.0	2.0	2.0		2.0	-2.0	-2.0	2.0	2.0												6.0	2 minutter 30 sekunder
67	12580122	Y	30-44	O	K	N		Mindre enn 3 måneder siden	40 ganger eller mer		Y	-2.0	2.0	2.0	2.0	2.0	-1.0	1.0		2.0	-2.0	-2.0	2.0	1.0	1.0	1.0	1.0	1.0	2.0	2.0	2.0	2.0				6.0	29 minutter 13 sekunder
68	12580259	Y	30-44	O	K	N		Mindre enn 3 måneder siden	40 ganger eller mer		Y	-1.0	1.0	2.0	2.0	2.0	2.0	2.0		1.0	-2.0	-2.0	2.0	0.0	1.0	0.0	0.0	0.0	2.0	2.0	2.0	2.0				7.0	7 minutter 37 sekunder
69	12580385	Y	30-44	O	K	N		Mindre enn 3 måneder siden	40 ganger eller mer		Y	1.0	2.0	2.0	2.0	2.0	-1.0	2.0		-2.0	-2.0	-2.0	1.0	0.0	0.0	-2.0	-2.0	0.0	0.0	0.0	0.0	0.0				3.0	4 minutter 55 sekunder
70	12581417	Y	30-44	O	SU	N		3-11 måneder siden	1-2 ganger	N	N	-2.0	2.0	2.0	2.0	2.0	-2.0	2.0		2.0	-2.0	-2.0	2.0	2.0												5.0	5 minutter 39 sekunder
71	12581995	Y	30-44	O	K	Y	Innvandrer	3-11 måneder siden	1-2 ganger		Y	1.0	2.0	-2.0	-2.0	-2.0	-1.0	-2.0		-2.0	2.0	1.0	-1.0	-1.0												6.0	4 minutter 13 sekunder
72	12582445	N	16-29	O	M	U		Mindre enn 3 måneder siden	10-19 ganger		Y	-2.0	2.0	2.0	2.0	2.0	-1.0	2.0		2.0	-2.0	-2.0	2.0	-1.0	1.0	0.0	-2.0	0.0	2.0	2.0	2.0	-1.0				6.0	5 minutter 53 sekunder
73	12583182	Y	30-44	T	M	N		Mindre enn 3 måneder siden	40 ganger eller mer	Y	N	-2.0	2.0	2.0	2.0	0.0	-1.0	2.0		2.0	-2.0	-2.0	1.0	1.0	-1.0	-2.0	0.0	-2.0	2.0	2.0	2.0	2.0				6.0	14 minutter 5 sekunder
74	12583727	Y	30-44	O	M	N		Mindre enn 3 måneder siden	6-9 ganger		Y	-2.0	2.0	2.0	2.0	1.0	-2.0	1.0		2.0	-2.0	0.0	-1.0	1.0	0.0	-2.0	-2.0	1.0	2.0	2.0	2.0	2.0				6.0	3 minutter 14 sekunder
75	12584043	Y	Over_60	O	K	Y	Nedsatt funksjonsevne pga leddgikt mm	3-11 måneder siden	20-39 ganger		Y	-1.0	2.0	2.0		1.0	0.0	2.0		0.0	-2.0	-2.0	2.0	0.0	-2.0	-2.0	-2.0	-2.0	0.0	0.0	0.0	0.0				6.0	10 minutter 37 sekunder
76	12584112	Y	16-29	O	M	N		Mindre enn 3 måneder siden	6-9 ganger		Y	-2.0	0.0	2.0	2.0		-2.0	1.0		1.0	-1.0	1.0	2.0	2.0	-2.0	-2.0	-2.0	-2.0	2.0	2.0	2.0	2.0				5.0	11 minutter 19 sekunder
77	12584975	Y	45-60	O	K	N		Mindre enn 3 måneder siden	10-19 ganger		Y	-2.0	2.0	2.0	2.0	2.0	0.0	1.0		2.0	-2.0	-2.0	2.0	2.0	-1.0	-2.0	-2.0	-2.0	2.0	2.0	2.0	2.0				7.0	7 minutter 25 sekunder
78	12584977	Y	45-60	O	K	N		Mindre enn 3 måneder siden	40 ganger eller mer		Y	-1.0	1.0		2.0	2.0	0.0	2.0		1.0	-2.0	-2.0	1.0	2.0	0.0	0.0	2.0	1.0	2.0	2.0	2.0	2.0				7.0	3 timer 51 minutter 22 sekunder
79	12585054	Y	30-44	V	M	N		6 år siden eller mer																									-2.0	-2.0			52 sekunder
80	12585134	Y	30-44	O	K	N		3-11 måneder siden	1-2 ganger		Y	-1.0	1.0	2.0	2.0	2.0	1.0	1.0		2.0	-2.0	1.0	-1.0	1.0												5.0	11 minutter 42 sekunder
81	12585218	Y	30-44	O	K	N		Mindre enn 3 måneder siden	40 ganger eller mer	Y	N	-2.0	0.0	2.0	2.0		2.0	1.0		2.0	-2.0	-2.0	1.0	2.0	1.0	1.0	0.0	0.0	2.0	2.0	2.0	2.0				6.0	6 minutter 37 sekunder
82	12586634	Y	30-44	O	M	U		3-11 måneder siden	3-5 ganger		Y	-1.0	1.0			0.0	-1.0	0.0		0.0	-2.0	-2.0	-1.0	0.0												3.0	1 time 14 minutter 33 sekunder
83	12587073	Y	Over_60	O	K	N		Mindre enn 3 måneder siden	6-9 ganger		Y	-2.0	2.0	0.0	0.0	0.0	-2.0	1.0		2.0	-2.0	-2.0	2.0	2.0	-2.0	-2.0	-2.0	-2.0	0.0	0.0	0.0	0.0				5.0	6 minutter 46 sekunder
84	12587206	Y	16-29	O	M	N		3-6 år siden	1-2 ganger	Y	N	-2.0	1.0	2.0	2.0	2.0	0.0			2.0	-2.0	-2.0	1.0	1.0												6.0	4 minutter 5 sekunder
85	12587314	Y	16-29	T	K	N		Mindre enn 3 måneder siden	20-39 ganger	Y	N	-2.0	2.0	2.0	2.0	2.0	-1.0	2.0		2.0	-2.0	-2.0	2.0	1.0	-1.0	-2.0	1.0	-2.0	2.0	2.0	2.0	2.0				7.0	5 minutter 14 sekunder
86	12603276	Y	30-44	T	M	U	Polyamorøs, irrelevant fram til folk får vite om det	1-3 år siden	1-2 ganger	Y	N	-1.0	1.0	2.0	2.0	2.0	1.0	-1.0		1.0	0.0	1.0	-2.0	-1.0												5.0	6 minutter 25 sekunder
87	12604270	Y	30-44	T	M	N		3-11 måneder siden	3-5 ganger	Y	N	-2.0	2.0	1.0	1.0	1.0	1.0	1.0		2.0	-2.0	-2.0	2.0	2.0												7.0	2 minutter 13 sekunder
88	12633063	Y	16-29	O	K	N		Mindre enn 3 måneder siden	20-39 ganger		Y	-2.0	0.0	2.0	2.0	1.0	-1.0	1.0		1.0	-2.0	-2.0	2.0	2.0	-1.0	0.0	-1.0	-1.0	2.0	2.0	2.0	2.0				5.0	3 minutter 49 sekunder
89	12633271	Y	16-29	O	K	N		Mindre enn 3 måneder siden	3-5 ganger	Y	N	-2.0	1.0	2.0	2.0	2.0	-2.0	2.0		2.0	1.0	0.0	2.0	1.0												6.0	4 minutter 11 sekunder
90	12634448	Y	30-44	O	K	Y	Innvandrer	3-11 måneder siden	1-2 ganger		Y	-2.0	2.0	1.0	0.0	1.0	1.0	1.0		2.0	-2.0	0.0	2.0	2.0												6.0	6 minutter 19 sekunder
91	12635402	Y	16-29	O	M	N		Mindre enn 3 måneder siden	20-39 ganger		Y	-2.0	2.0	2.0	2.0	2.0	-2.0	1.0		2.0	-2.0	-2.0	2.0	0.0	-1.0	-2.0	0.0	-2.0	2.0	2.0	2.0	2.0				6.0	4 minutter 8 sekunder
92	12635537	Y	16-29	T	M	N		1-3 år siden	1-2 ganger	N	N	-2.0	2.0	2.0	2.0	0.0	-2.0	1.0		2.0	-2.0	-2.0	2.0	0.0												4.0	5 minutter 32 sekunder
93	12635785	Y	16-29	O	M	N		Mindre enn 3 måneder siden	10-19 ganger		Y	-2.0	1.0	2.0	2.0	2.0	-1.0	2.0		2.0	-1.0	-2.0	2.0	1.0	0.0	-1.0	0.0	-1.0	2.0	1.0	2.0	2.0				6.0	10 minutter 17 sekunder
94	12635786	Y	30-44	S	K	N		6 år siden eller mer																									0.0	0.0	0.0		2 minutter 9 sekunder
95	12636106	Y	16-29	N	SU	Y		Mindre enn 3 måneder siden	40 ganger eller mer		Y	-2.0	2.0	2.0	0.0	0.0	-2.0	2.0		2.0	-2.0	-2.0	2.0	2.0	2.0	2.0	2.0	2.0	0.0	0.0	0.0	0.0				7.0	5 minutter 20 sekunder
96	12636255	Y	30-44	T	K	Y	Hørselshemmet	3-11 måneder siden	1-2 ganger	Y	N	-2.0	2.0	-1.0	2.0	0.0	2.0	1.0		2.0	-2.0	-1.0	2.0	2.0												6.0	4 minutter 23 sekunder
97	12636288	Y	30-44	O	K	N		3-11 måneder siden	3-5 ganger		Y	-2.0	2.0	1.0	2.0	1.0	0.0	-1.0		2.0	-2.0	-2.0	2.0	1.0												5.0	3 minutter 27 sekunder
98	12636429	Y	30-44	O	K	N		Mindre enn 3 måneder siden	10-19 ganger		Y	-2.0	2.0	2.0	2.0	0.0	2.0	1.0		2.0	-2.0	-1.0	2.0	0.0	-1.0	-2.0	-2.0	-1.0	0.0	0.0	0.0	0.0				6.0	4 minutter 56 sekunder
99	12636443	Y	30-44	O	K	Y	innvandrer	3-11 måneder siden	6-9 ganger		Y	-2.0	1.0	1.0	2.0	0.0	1.0	0.0		1.0	1.0	-1.0	2.0	1.0	-1.0	-2.0	-2.0	-1.0	2.0	2.0	2.0	2.0				6.0	3 minutter 36 sekunder
100	12638320	N	30-44	O	K	Y		Mindre enn 3 måneder siden	10-19 ganger		Y	-2.0	2.0	2.0	2.0	0.0	0.0	2.0		2.0	-2.0	-2.0	2.0	2.0	1.0	1.0	1.0	1.0	2.0	2.0	2.0	2.0				7.0	3 minutter 44 sekunder
101	12638328	Y	30-44	V	K	Y	Etnisk minoritet	Mindre enn 3 måneder siden	10-19 ganger		Y	0.0	-1.0	-1.0	2.0	0.0	2.0	-1.0		1.0	1.0	2.0	1.0	1.0	-1.0	-2.0	-1.0	-2.0	2.0	2.0	2.0	2.0				6.0	8 minutter 40 sekunder
102	12639516	Y	Over_60	N	M	N		Mindre enn 3 måneder siden	6-9 ganger	Y	N	-2.0	2.0	2.0	2.0	0.0	-2.0	-1.0		2.0	-2.0	-2.0	2.0	2.0	0.0	-2.0	-1.0	-2.0	2.0	2.0	2.0	2.0				6.0	6 minutter 19 sekunder
103	12639779	N	30-44	V	K	U		Mindre enn 3 måneder siden	20-39 ganger	Y	N	-2.0	1.0	-1.0	1.0	-1.0	-1.0	1.0		2.0	-2.0	-2.0	1.0	2.0	-1.0	-1.0	0.0	0.0	2.0	2.0	2.0	2.0				7.0	4 minutter 28 sekunder
104	12640739	Y	45-60	O	K	N		Mindre enn 3 måneder siden	10-19 ganger		Y	-2.0	2.0	2.0	2.0	1.0	-1.0	1.0		1.0	-1.0	1.0	1.0	2.0	-1.0	0.0	-1.0	-1.0	1.0	1.0	1.0	2.0				6.0	8 minutter 3 sekunder
105	12641031	N	45-60	O	K	N		Mindre enn 3 måneder siden	10-19 ganger		Y	-2.0	2.0	2.0	2.0	2.0	1.0	2.0		2.0	-2.0	-2.0	2.0	2.0	2.0	1.0	1.0	1.0	2.0	2.0	2.0	2.0				7.0	4 minutter 51 sekunder
106	12641035	Y	30-44	O	K	N		1-3 år siden	1-2 ganger	Y	N	-1.0	1.0	0.0	0.0	0.0	0.0	2.0		0.0	-1.0	-2.0	2.0	1.0												5.0	3 minutter 6 sekunder
107	12642168	Y	30-44	O	K	N		Mindre enn 3 måneder siden	20-39 ganger	Y	N	-2.0	2.0	2.0	0.0	0.0	-2.0	-1.0		2.0	-2.0	-2.0	2.0	2.0	-1.0	-1.0	1.0	2.0	-1.0	-1.0	-1.0	-1.0				5.0	9 minutter 24 sekunder
108	12642824	Y	16-29	O	K	Y	Etnisk minoritet	Mindre enn 3 måneder siden	6-9 ganger	Y	N	-2.0	1.0	1.0	2.0	0.0	0.0	1.0		2.0	1.0	1.0	0.0	1.0	1.0	0.0	-2.0	-2.0	2.0	2.0	2.0	2.0				5.0	4 minutter 16 sekunder
109	12644121	Y	30-44	O	K	U	Minoritetsbakgrunn	Mindre enn 3 måneder siden	20-39 ganger		Y	-2.0	2.0	1.0	1.0	1.0	1.0	1.0		2.0	-1.0	-1.0	2.0	2.0	1.0	-1.0	0.0	0.0	0.0	0.0	0.0	0.0				6.0	4 minutter 43 sekunder
110	12645608	Y	Over_60	T	K	N		1-3 år siden	1-2 ganger	N	N	-2.0	2.0	2.0	0.0	1.0	-2.0	2.0		2.0	-2.0	-2.0	2.0	2.0												6.0	5 minutter 18 sekunder
111	12648847	Y	Over_60	O	M	N		Mindre enn 3 måneder siden	3-5 ganger	N		-2.0	1.0	1.0	0.0	0.0	-2.0	-1.0		2.0	-2.0	1.0	0.0	1.0												5.0	5 minutter 38 sekunder
112	12651310	Y	45-60	T	M	N		1-3 år siden	1-2 ganger	Y	Y	-2.0	2.0					1.0		0.0	0.0	0.0	0.0	-2.0												4.0	2 minutter 54 sekunder
113	12651855	Y	30-44	O	K	Y	Innvandrer	Aldri																									0.0	0.0	0.0		3 minutter 5 sekunder
114	12651991	Y	45-60	O	K	Y	Innvandrer	3-11 måneder siden	1-2 ganger	Y	Y	-1.0	1.0	0.0	0.0	0.0	2.0	0.0		1.0	1.0	1.0	-1.0	1.0												4.0	4 minutter 5 sekunder
115	12652363	Y	45-60	N	K	Y		3-11 måneder siden	3-5 ganger	N		-2.0	2.0					2.0		2.0	-2.0	-2.0	2.0	0.0												7.0	4 minutter 16 sekunder
116	12652747	Y	30-44	T	K	N		3-11 måneder siden	10-19 ganger	Y	N	-2.0	2.0	1.0	2.0	2.0	1.0	2.0		2.0	-2.0	-2.0	2.0	2.0	2.0	2.0	2.0	2.0	1.0	1.0	1.0	1.0				6.0	3 minutter 49 sekunder
117	12653012	Y	Over_60	N	K	N		Mindre enn 3 måneder siden	6-9 ganger	N		-2.0	2.0	2.0	0.0	0.0	1.0	2.0		2.0	-2.0	-2.0	2.0	1.0	-2.0	-2.0	-2.0	-2.0	1.0	1.0	1.0	1.0				5.0	5 minutter 21 sekunder
118	12653027	Y	45-60	N	M	N		1-3 år siden	3-5 ganger	N		-2.0	2.0	0.0	0.0	0.0	0.0	0.0		2.0	-2.0	-2.0	2.0	0.0												4.0	7 minutter 47 sekunder
119	12653112	Y	45-60	V	M	N		6 år siden eller mer																									-2.0	-2.0	0.0		1 minutt 50 sekunder
120	12653193	Y	30-44	O	K	N		1-3 år siden	1-2 ganger	N		-1.0	-2.0			2.0	-2.0	0.0		-1.0	2.0	2.0	-2.0	-2.0												1.0	3 minutter 29 sekunder
121	12653368	Y	Over_60	N	K	N		6 år siden eller mer																									-2.0	-2.0	0.0		1 minutt 44 sekunder
122	12653970	Y	Over_60	N	M	N		3-11 måneder siden	6-9 ganger	N		-2.0	1.0	2.0	2.0	2.0	-1.0	2.0		2.0	-1.0	-2.0	2.0	2.0	0.0	-2.0	-2.0	-2.0	2.0	2.0	2.0	2.0				6.0	5 minutter 24 sekunder
123	12654211	Y	45-60	V	M	Y	Autisme	Mindre enn 3 måneder siden	40 ganger eller mer	Y	N	-1.0	1.0	2.0	2.0	2.0	2.0	2.0		1.0	-1.0	-2.0	2.0	1.0	-1.0	-1.0	-1.0	-1.0	2.0	2.0	2.0	2.0				7.0	2 minutter 54 sekunder
124	12656676	Y	30-44	O	K	N		Mindre enn 3 måneder siden	3-5 ganger	Y	Y	-1.0	0.0				-2.0	-1.0		1.0	0.0	0.0	0.0	2.0												5.0	6 minutter 18 sekunder
125	12658092	Y	30-44	O	K	N		1-3 år siden	3-5 ganger	Y	Y	-1.0	2.0	2.0	2.0	2.0	0.0	1.0		2.0	-2.0	1.0	1.0	2.0												6.0	2 minutter 52 sekunder
126	12659651	Y	45-60	T	K	N		Mindre enn 3 måneder siden	6-9 ganger	N		-2.0	2.0	2.0	2.0	2.0	0.0	2.0		2.0	-2.0	-2.0	2.0	2.0	-2.0	-2.0	-2.0	-2.0	2.0	2.0	2.0	2.0				7.0	3 minutter 59 sekunder
127	12660472	Y	30-44	O	K	N		Mindre enn 3 måneder siden	3-5 ganger	N		-2.0	2.0	2.0	2.0	2.0	2.0	2.0		2.0	-2.0	-2.0	2.0	2.0												7.0	3 minutter 6 sekunder
128	12660689	Y	Over_60	O	K	Y	Funksjonsnedsettelse (kognitiv)	3-11 måneder siden	3-5 ganger	Y	Y	-1.0	2.0	2.0	2.0	0.0	1.0	0.0		1.0	-2.0	-2.0	-2.0	2.0												5.0	9 minutter 53 sekunder
129	12661157	Y	45-60	O	M	Y	Hvit middeladrende mann	Mindre enn 3 måneder siden	40 ganger eller mer	Y	N	2.0	-2.0	-2.0	-2.0	-2.0	-2.0	2.0		-2.0	2.0	2.0	-2.0	2.0	2.0	2.0	2.0	2.0	0.0	0.0	0.0	0.0				2.0	4 minutter 56 sekunder
130	12663160	Y	30-44	O	K	Y		3-11 måneder siden	1-2 ganger	Y	Y	-2.0	2.0	2.0	2.0	0.0	2.0	-1.0		2.0	0.0	-1.0	1.0	1.0												7.0	4 minutter 34 sekunder
131	12663663	Y	30-44	O	K	Y		3-11 måneder siden	10-19 ganger	Y	Y	0.0	1.0	2.0	2.0	1.0	1.0	-1.0		1.0	1.0	1.0	0.0	1.0	-1.0	-1.0	-2.0	0.0	1.0	1.0	2.0	1.0				5.0	9 minutter 48 sekunder
132	12664364	Y	30-44	V	K	N		Mindre enn 3 måneder siden	20-39 ganger	N		-2.0	2.0	2.0	2.0		-2.0	2.0		2.0	-2.0	-2.0	2.0	2.0	-2.0	0.0	0.0	-2.0	2.0	2.0	2.0	2.0				6.0	8 minutter 4 sekunder
133	12664424	Y	30-44	V	K	N		Mindre enn 3 måneder siden	40 ganger eller mer	N		-2.0	2.0	2.0	2.0	2.0	0.0	2.0		2.0	-2.0	-2.0	2.0	2.0	-2.0	-2.0	0.0	-2.0	2.0	2.0	2.0	2.0				7.0	2 minutter 59 sekunder
134	12664555	Y	30-44	O	K	Y		Mindre enn 3 måneder siden	10-19 ganger	Y	N	-1.0	2.0	2.0	2.0	2.0	-1.0	-1.0		2.0	1.0	2.0	1.0	2.0	1.0	1.0	1.0	1.0	2.0	2.0	2.0	2.0				6.0	3 minutter 21 sekunder
135	12664894	Y	30-44	O	K	Y	Innvandrer	Mindre enn 3 måneder siden	3-5 ganger	N		-2.0	2.0				1.0	2.0		2.0	-2.0	-2.0	2.0	2.0												6.0	8 minutter 33 sekunder
136	12665785	Y	30-44	O	K	N		3-11 måneder siden	10-19 ganger	Y	N	-2.0	1.0	2.0	2.0		1.0	2.0		2.0	-2.0	-2.0	1.0	1.0	0.0	0.0	1.0	-2.0	2.0	2.0	2.0	2.0				6.0	4 minutter 13 sekunder
137	12670380	Y	45-60	O	M	Y		3-11 måneder siden	1-2 ganger	Y	N	-2.0	2.0	2.0	2.0	0.0	-1.0	-1.0		2.0	-2.0	-2.0	0.0	2.0												6.0	3 minutter 20 sekunder
138	12671634	Y	45-60	V	M	N		6 år siden eller mer																									-2.0	-1.0	0.0		2 minutter 22 sekunder
139	12677347	Y	16-29	V	M	N		Mindre enn 3 måneder siden	40 ganger eller mer	Y	N	-2.0	1.0	2.0	2.0	2.0	0.0	2.0		2.0	-2.0	-1.0	1.0	2.0	-2.0	-1.0	0.0	-1.0	2.0	2.0	2.0	2.0				7.0	5 minutter 21 sekunder
140	12687259	Y	Over_60	N	K	N		Mindre enn 3 måneder siden	20-39 ganger	Y	N	-2.0	2.0		0.0	2.0	-2.0	2.0		2.0	-2.0	-2.0	2.0	2.0	-2.0	-2.0	0.0	-2.0	2.0	2.0	2.0	2.0				7.0	7 minutter 24 sekunder
141	12689098	Y	Over_60	N	M	N		Mindre enn 3 måneder siden	10-19 ganger	N		-2.0	2.0	0.0	0.0	0.0	0.0	2.0		2.0			2.0	0.0	-2.0	-2.0	-2.0	-2.0	0.0	-2.0	-2.0	-2.0				7.0	4 minutter 22 sekunder
142	12693708	Y	45-60	T	K	N		Mindre enn 3 måneder siden	20-39 ganger	Y	N	-2.0	2.0	2.0	2.0	2.0	1.0	1.0		2.0	-2.0	-2.0	2.0	1.0	0.0	-1.0	1.0	-1.0	2.0	2.0	2.0	2.0				6.0	4 minutter 6 sekunder
143	12693828	Y	16-29	N	M	N		3-11 måneder siden	3-5 ganger	N		-2.0	2.0	2.0	2.0		-2.0	-1.0		2.0	-2.0	-1.0	1.0	2.0												6.0	12 minutter 30 sekunder
144	12694817	Y	30-44	O	M	N		Mindre enn 3 måneder siden	3-5 ganger	Y	Y	-2.0	1.0	2.0	2.0	0.0	1.0	2.0		2.0	-1.0	-1.0	2.0	0.0												6.0	2 minutter 22 sekunder
145	12694921	Y	30-44	O	M	N		6 år siden eller mer																									0.0	0.0	0.0		1 minutt 19 sekunder
146	12694932	Y	16-29	V	K	N		Mindre enn 3 måneder siden	10-19 ganger	Y	N	-2.0	1.0	1.0	2.0	0.0	1.0	1.0		2.0	-2.0	-1.0	2.0	0.0	-2.0	-2.0	-2.0	-2.0	2.0	2.0	2.0	2.0				6.0	5 minutter 15 sekunder
147	12694955	Y	30-44	T	K	N		3-11 måneder siden	1-2 ganger	N		-2.0	1.0	2.0	2.0	2.0	1.0	2.0		2.0	-2.0	-2.0	2.0	1.0												6.0	4 minutter 35 sekunder
148	12694957	N	30-44	O	K	N		Mindre enn 3 måneder siden	20-39 ganger	Y	Y	-2.0	1.0	-1.0	2.0	0.0	0.0	1.0		2.0	-1.0	-2.0	2.0	1.0	-1.0	-1.0	1.0	0.0	2.0	2.0	2.0	2.0				7.0	3 minutter 22 sekunder
149	12694963	Y	45-60	V	M	N		Mindre enn 3 måneder siden	6-9 ganger	N		-2.0	2.0	2.0	2.0	2.0	-1.0	1.0		2.0	-2.0	-2.0	2.0	0.0	-2.0	-2.0	-2.0	-2.0	2.0	2.0	2.0	2.0				6.0	3 minutter 32 sekunder
150	12694974	Y	30-44	O	M	N		6 år siden eller mer																									-2.0	0.0	1.0		1 minutt 15 sekunder
151	12694981	Y	16-29	V	M	N		3-6 år siden	1-2 ganger	Y	N	-2.0	1.0	2.0	2.0	1.0	1.0	1.0		2.0	-2.0	-1.0	1.0	1.0												4.0	3 minutter 1 sekund
152	12694983	Y	45-60	O	M	N		Mindre enn 3 måneder siden	10-19 ganger	Y	N	-2.0	2.0	2.0	2.0	2.0	-2.0	1.0		2.0	-2.0	-2.0	2.0	2.0	-1.0	0.0	-2.0	0.0	2.0	2.0	2.0	2.0				6.0	4 minutter 41 sekunder
153	12694991	Y	30-44	O	M	N		Mindre enn 3 måneder siden	3-5 ganger	Y	Y	-2.0	2.0	2.0	2.0	2.0	-2.0	1.0		2.0	-2.0	-2.0	2.0	2.0												5.0	1 minutt 52 sekunder
154	12695014	Y	30-44	O	K	N		1-3 år siden	1-2 ganger	Y	N	-2.0	1.0	0.0	2.0	0.0	0.0	1.0		2.0	-1.0	-2.0	1.0	1.0												7.0	2 minutter 50 sekunder
155	12695017	Y	30-44	O	K	N		1-3 år siden	1-2 ganger	Y	Y	-2.0	2.0					-1.0		2.0	-2.0	-2.0	2.0	1.0												5.0	3 minutter 32 sekunder
156	12695021	Y	16-29	V	M	N		Mindre enn 3 måneder siden	6-9 ganger	Y	N	-2.0	2.0	2.0	2.0	0.0	0.0	2.0		2.0	-2.0	-2.0	1.0	2.0	-2.0	-2.0	-2.0	-2.0	2.0	2.0	2.0	2.0				6.0	4 minutter 16 sekunder
157	12695042	Y	30-44	O	K	N		3-11 måneder siden	1-2 ganger	Y	Y	-2.0	2.0	2.0	2.0	2.0	-1.0	2.0		2.0	-2.0	-2.0	2.0	1.0												7.0	1 minutt 28 sekunder
158	12695210	Y	30-44	V	M	N		6 år siden eller mer																									-2.0	0.0	0.0		2 minutter 5 sekunder
159	12695214	Y	Over_60	O	K	N		Mindre enn 3 måneder siden	20-39 ganger	Y	Y	-2.0	2.0	2.0	2.0	2.0	1.0	1.0		2.0	-2.0	-2.0	2.0	0.0	-1.0	-2.0	-2.0	-1.0	1.0	1.0	2.0	1.0				6.0	9 minutter 12 sekunder
160	12695247	Y	45-60	O	K	Y	Sosial angst	3-11 måneder siden	1-2 ganger	Y	Y	1.0	2.0	2.0	2.0	2.0		2.0		2.0	1.0	-2.0	-1.0	2.0												6.0	4 minutter 11 sekunder
161	12695458	Y	30-44	O	M	N		6 år siden eller mer																									-2.0	-2.0	2.0		1 minutt 47 sekunder
162	12695469	Y	45-60	O	M	N		Mindre enn 3 måneder siden	10-19 ganger	Y	Y	-1.0	2.0	2.0	2.0	2.0	-1.0	2.0		2.0	-2.0	-2.0	2.0	1.0	-2.0	-2.0	0.0	-2.0	2.0	2.0	2.0	2.0				6.0	4 minutter 43 sekunder
163	12695473	Y	30-44	N	K	N		Mindre enn 3 måneder siden	10-19 ganger	N		-2.0	2.0	2.0	2.0	2.0	-1.0	2.0		2.0	-2.0	-2.0	2.0	2.0	1.0	1.0	1.0	-2.0	2.0	2.0	2.0	2.0				6.0	2 minutter 27 sekunder
164	12695538	N	30-44	O	K	N		3-11 måneder siden	3-5 ganger	Y	Y	-2.0	1.0	2.0	2.0		1.0	1.0		2.0	-2.0	-1.0	0.0	0.0												6.0	4 minutter 55 sekunder
165	12695600	Y	30-44	O	K	N		Mindre enn 3 måneder siden	20-39 ganger	Y	Y	-2.0	1.0	2.0	2.0		0.0	1.0		2.0	-2.0	-2.0	2.0	2.0	1.0	-2.0	0.0	-1.0	2.0	2.0	2.0	2.0				7.0	6 minutter 37 sekunder
166	12695627	Y	45-60	V	K	N		1-3 år siden	1-2 ganger	Y	N	-2.0	1.0	2.0	2.0	1.0	-1.0	2.0		2.0	-1.0	1.0	-1.0	1.0												6.0	3 minutter 45 sekunder
167	12695937	Y	30-44	O	K	Y	Funksjonshemning og minoritetsspråklig	Mindre enn 3 måneder siden	10-19 ganger	Y	Y	-1.0	1.0	2.0	2.0	1.0	0.0	1.0		2.0	1.0	-1.0	1.0	1.0	0.0	-1.0	-1.0	-1.0	2.0	2.0	2.0	2.0				6.0	4 minutter 52 sekunder
168	12696207	Y	30-44	T	K	U		3-11 måneder siden	3-5 ganger	Y	N	-2.0	2.0	2.0	2.0		-1.0	1.0			1.0			2.0												7.0	2 minutter 36 sekunder
169	12696222	Y	30-44	O	K	U	Kvinne	Mindre enn 3 måneder siden	20-39 ganger	Y	Y	0.0	1.0	2.0			-1.0	1.0		1.0	0.0	-1.0	2.0	0.0	1.0	1.0	-2.0	-2.0	2.0	2.0	2.0	2.0				5.0	5 minutter 53 sekunder
170	12696513	Y	30-44	O	M	N		1-3 år siden	1-2 ganger	Y	N	-2.0	2.0	0.0	0.0	0.0	0.0	0.0		0.0	-2.0	0.0	2.0	2.0												4.0	4 minutter 51 sekunder
171	12696724	Y	30-44	O	M	N		Mindre enn 3 måneder siden	3-5 ganger	Y	Y	-2.0	1.0	0.0	0.0	0.0	-1.0	1.0		2.0	-2.0	-2.0	1.0	1.0												6.0	6 minutter 50 sekunder
172	12696928	Y	30-44	V	K	N		1-3 år siden	1-2 ganger	N		-1.0	2.0	2.0	2.0	2.0	-2.0	0.0		1.0	-2.0	-2.0	1.0	1.0												7.0	2 minutter 45 sekunder
173	12696996	Y	30-44	O	K	N		1-3 år siden	1-2 ganger	Y	Y	-2.0	2.0	2.0	2.0	2.0	-1.0	1.0		2.0	-2.0	-2.0	2.0	2.0												7.0	1 minutt 56 sekunder
174	12697019	Y	45-60	O	K	N		1-3 år siden	3-5 ganger	Y	N	-2.0	1.0	0.0	2.0	0.0	-2.0	0.0		2.0	-2.0	-2.0	0.0	2.0												6.0	2 minutter 48 sekunder
175	12697589	Y	30-44	N	K	N		Mindre enn 3 måneder siden	40 ganger eller mer	N		-2.0	2.0	0.0	2.0	0.0	-1.0	0.0		2.0	1.0	0.0	1.0	2.0	1.0	1.0	0.0	-1.0	2.0	2.0	2.0	2.0				5.0	8 minutter 58 sekunder
176	12699725	Y	30-44	O	K	N		3-11 måneder siden	1-2 ganger	Y	N	-2.0	2.0	0.0	-2.0	2.0	-2.0			2.0	1.0	2.0	2.0	2.0												6.0	3 minutter 11 sekunder
177	12702492	Y	30-44	N	K	U	Nynorskbrukar	Mindre enn 3 måneder siden	6-9 ganger	Y	N	-2.0	1.0	2.0	2.0	0.0	2.0	0.0		2.0	-1.0	0.0	1.0	2.0	-2.0	-2.0	-2.0	1.0	2.0	2.0	2.0	2.0				6.0	7 minutter 26 sekunder
178	12702710	Y	30-44	O	K	N		Mindre enn 3 måneder siden	10-19 ganger	Y	Y	-2.0	2.0	2.0	2.0	2.0	-1.0	2.0		2.0	-2.0	-2.0	2.0	-1.0	0.0	-2.0	-2.0	0.0	2.0	2.0	2.0	2.0				6.0	5 minutter 49 sekunder
179	12703086	Y	30-44	O	M	N		1-3 år siden	1-2 ganger	Y	Y	-2.0	2.0	2.0	2.0	0.0	1.0	-1.0		2.0	-1.0	-1.0	1.0	2.0												5.0	2 minutter 54 sekunder
180	12704866	Y	30-44	N	K	N		1-3 år siden	1-2 ganger	Y	N	-2.0	1.0	1.0	0.0	0.0	0.0	0.0		2.0	-1.0	-1.0	1.0	1.0												4.0	1 minutt 49 sekunder
181	12708325	Y	45-60	N	K	N		Mindre enn 3 måneder siden	20-39 ganger	Y	N	-2.0	2.0	2.0	2.0	2.0	0.0	1.0		2.0	-2.0	-1.0	2.0	1.0	1.0	-2.0	1.0	-1.0	2.0	2.0	2.0	2.0				7.0	3 minutter 36 sekunder
182	12717482	Y	30-44	O	K	N		Mindre enn 3 måneder siden	10-19 ganger	Y	Y	-2.0	2.0	1.0	2.0	1.0	1.0	2.0		2.0	-2.0	-2.0	2.0	0.0	1.0	-1.0	-1.0	0.0	2.0	2.0	2.0	2.0				7.0	2 minutter 43 sekunder
183	12729436	Y	45-60	O	K	N		3-11 måneder siden	1-2 ganger	Y	Y	-2.0	2.0	2.0	2.0	2.0	-2.0	2.0	0.0	0.0	0.0	0.0	0.0	2.0												7.0	2 minutter 14 sekunder
184	12729602	Y	30-44	N	K	N		Mindre enn 3 måneder siden	3-5 ganger	N		-2.0	2.0	2.0	2.0	2.0	-2.0	2.0	0.0	2.0	-2.0	-2.0	2.0	2.0												7.0	2 minutter 22 sekunder
185	12729786	Y	16-29	O	K	N		3-6 år siden	3-5 ganger	Y	N	-2.0	2.0	2.0	2.0	2.0	1.0	2.0	0.0	2.0		-2.0	2.0	0.0												7.0	2 minutter 39 sekunder
186	12729835	Y	45-60	N	K	N		Mindre enn 3 måneder siden	10-19 ganger	Y	Y	-2.0	2.0		2.0	1.0	-1.0	2.0	-1.0	2.0	-2.0	-2.0	2.0	1.0	0.0	0.0	0.0	0.0	2.0	2.0	2.0	2.0				7.0	5 minutter 58 sekunder
187	12729886	Y	45-60	O	M	N		Mindre enn 3 måneder siden	20-39 ganger	Y	N	-1.0	2.0	2.0	2.0	0.0	0.0	1.0	1.0	2.0	-2.0	-2.0	2.0	0.0	0.0	-2.0	-2.0	-2.0	2.0	2.0	2.0	2.0				6.0	11 minutter 38 sekunder
188	12729982	Y	Over_60	O	K	N		Mindre enn 3 måneder siden	20-39 ganger	Y	N	-2.0	2.0	2.0	2.0	2.0	-1.0	2.0	-2.0	2.0	-2.0	1.0	2.0	2.0	-2.0	-2.0	-2.0	-2.0	0.0	0.0	0.0	0.0				7.0	4 minutter 7 sekunder
189	12730080	Y	45-60	O	K	N		Mindre enn 3 måneder siden	40 ganger eller mer	Y	N	-2.0	2.0	2.0	2.0	1.0	-1.0	1.0	2.0	2.0	-2.0	-2.0	2.0	2.0	1.0	1.0	1.0	0.0	2.0	2.0	2.0	2.0				6.0	3 minutter 50 sekunder
190	12730385	Y	30-44	V	K	N		1-3 år siden	1-2 ganger	N		0.0	0.0	2.0	-2.0	0.0	0.0	-2.0	2.0	0.0	2.0	2.0	-2.0	0.0												2.0	4 minutter 47 sekunder
191	12730446	Y	30-44	O	K	N		Mindre enn 3 måneder siden	3-5 ganger	Y	N	-2.0	2.0	2.0	2.0	2.0	-1.0	2.0	2.0	2.0	-2.0	-2.0	2.0	0.0												4.0	5 minutter 14 sekunder
192	12730447	Y	30-44	N	K	N		1-3 år siden	1-2 ganger	N		-2.0	2.0	2.0	2.0	2.0	2.0	2.0	1.0	2.0	-2.0	-2.0	2.0	2.0												2.0	3 minutter 29 sekunder
193	12730662	Y	30-44	O	K	Y	Samisk	Mindre enn 3 måneder siden	20-39 ganger	N		-2.0	2.0	2.0	2.0	2.0	-1.0	2.0	0.0	2.0	-2.0	-2.0	2.0	2.0	-2.0	-2.0	-2.0	-2.0	2.0	2.0	2.0	2.0				7.0	4 minutter 31 sekunder
194	12730730	Y	45-60	N	K	N		3-6 år siden	6-9 ganger	N		-1.0	1.0	2.0	2.0	2.0	0.0	2.0	2.0	2.0		2.0	2.0	0.0	-1.0	-1.0	-1.0	-1.0	1.0	1.0	1.0	1.0				6.0	3 minutter 57 sekunder
195	12730764	Y	30-44	V	K	N		Mindre enn 3 måneder siden	20-39 ganger	Y	N	-2.0	1.0	2.0	2.0	2.0	1.0	1.0	1.0	1.0	1.0	1.0	1.0	1.0	-1.0	-1.0	-2.0	-2.0	2.0	2.0	2.0	2.0				6.0	3 minutter 33 sekunder
196	12731069	Y	45-60	O	K	N		Mindre enn 3 måneder siden	20-39 ganger	Y	N	-2.0	2.0	2.0	2.0	1.0	-2.0	2.0	0.0	2.0	-2.0	-2.0	2.0	2.0	1.0	0.0	0.0	-2.0	1.0	2.0	1.0	1.0				7.0	5 minutter 45 sekunder
197	12731300	Y	45-60	S	K	N		Mindre enn 3 måneder siden	20-39 ganger	Y	N	-2.0	2.0		1.0		1.0	2.0	-2.0	2.0	-2.0	-2.0	2.0	2.0	-2.0	-2.0	-2.0	-2.0	-2.0	-2.0	0.0	-2.0				6.0	7 minutter 8 sekunder
198	12731347	Y	30-44	O	K	N		3-11 måneder siden	6-9 ganger	Y	Y	-2.0	1.0	1.0	2.0	1.0	0.0	2.0	2.0	2.0	-2.0	-1.0	2.0	0.0	-1.0	-2.0	-1.0	-1.0	2.0	2.0	2.0	2.0				7.0	3 minutter 50 sekunder
199	12731367	Y	45-60	O	K	N		Mindre enn 3 måneder siden	10-19 ganger	N		-2.0	2.0	2.0	2.0	2.0	0.0	0.0	0.0	2.0	-2.0	-2.0	2.0	0.0	-2.0	-2.0	-2.0	-2.0	2.0	2.0	2.0	2.0				7.0	7 minutter 32 sekunder
200	12731416	Y	30-44	O	K	N		Mindre enn 3 måneder siden	10-19 ganger	N		-2.0	2.0	2.0	2.0	2.0	-1.0	1.0	1.0	2.0	-2.0	-2.0	2.0	2.0	-2.0	-2.0	-2.0	-2.0	0.0	1.0	0.0	0.0				7.0	5 minutter 3 sekunder
201	12731522	Y	45-60	O	K	N		1-3 år siden	1-2 ganger	N		-2.0	2.0	2.0	2.0	2.0	-2.0	2.0	0.0	2.0	-2.0	-2.0	2.0	1.0												6.0	2 minutter 27 sekunder
202	12731739	Y	30-44	V	K	N		Mindre enn 3 måneder siden	20-39 ganger	N		-2.0	2.0	2.0	2.0	1.0	-1.0	1.0	2.0	2.0	-2.0	-2.0	2.0	0.0	-1.0	-2.0	-2.0	-2.0	2.0	2.0	2.0	0.0				7.0	8 minutter 32 sekunder
203	12731871	N	45-60	O	K	N		Mindre enn 3 måneder siden	10-19 ganger	Y	Y	-2.0	2.0	1.0	2.0	0.0	-2.0	1.0	1.0	2.0	-2.0	-2.0	2.0	0.0	0.0	1.0	-1.0	-1.0	2.0	2.0	2.0	2.0				6.0	4 minutter 19 sekunder
204	12731893	Y	30-44	O	K	N		Mindre enn 3 måneder siden	20-39 ganger	N		-2.0	2.0	2.0	2.0	1.0	-2.0	2.0	2.0	2.0	-2.0	-2.0	2.0	2.0	0.0	-1.0	-2.0	-2.0	2.0	2.0	2.0	2.0				7.0	8 minutter 27 sekunder
205	12732045	Y	45-60	S	K	U	Overvektig	Mindre enn 3 måneder siden	20-39 ganger	Y	Y	-2.0	2.0	2.0	2.0	-1.0	1.0	2.0	1.0	2.0	-1.0	-2.0	2.0	1.0	0.0	-1.0	-1.0	0.0	2.0	2.0	2.0	2.0				7.0	7 minutter 55 sekunder
206	12732179	Y	16-29	S	K	N		6 år siden eller mer																									-2.0	1.0	0.0		2 minutter 48 sekunder
207	12732232	Y	45-60	T	K	N		Mindre enn 3 måneder siden	40 ganger eller mer	N		-2.0	1.0	2.0	2.0	1.0	1.0	2.0	0.0	2.0	1.0	-1.0	1.0	2.0	0.0	0.0	0.0	-2.0	2.0	2.0	2.0	1.0				7.0	6 minutter 17 sekunder
208	12732260	Y	30-44	V	K	N		Mindre enn 3 måneder siden	10-19 ganger	N		-2.0	2.0	2.0	2.0	2.0	-1.0	1.0	2.0	2.0	-2.0	-2.0	2.0	0.0	-1.0	-2.0	-2.0	-2.0	2.0	2.0	2.0	2.0				5.0	6 minutter 30 sekunder
209	12732377	Y	30-44	V	K	N		Mindre enn 3 måneder siden	40 ganger eller mer	Y	N	-2.0	2.0	2.0	0.0	0.0	0.0	2.0	0.0	2.0			2.0	2.0	-2.0	-2.0	-2.0	-2.0	2.0	0.0	0.0	2.0				7.0	4 minutter 31 sekunder
210	12732385	Y	30-44	N	K	N		Mindre enn 3 måneder siden	20-39 ganger	N		-2.0	2.0	2.0	2.0	2.0	0.0	1.0		2.0	-2.0	-2.0	2.0	0.0	-1.0	-1.0	-2.0	-2.0	0.0	0.0	0.0	0.0				5.0	4 minutter 52 sekunder
211	12732534	Y	45-60	T	K	N		Mindre enn 3 måneder siden	40 ganger eller mer	Y	N	-1.0	1.0	2.0	2.0	2.0	2.0	2.0	1.0	2.0	-1.0	-1.0	2.0	1.0	-1.0	-1.0	-1.0	-1.0	1.0	1.0	1.0	1.0				6.0	3 minutter 5 sekunder
212	12732772	Y	16-29	V	K	N		Mindre enn 3 måneder siden	40 ganger eller mer	Y	N	-2.0	1.0	2.0	2.0	2.0	2.0	0.0	1.0	2.0	-2.0	-2.0	2.0	2.0	-1.0	-1.0	-2.0	-1.0	2.0	2.0	2.0	2.0				6.0	4 minutter 8 sekunder
213	12732783	Y	30-44	S	K	N		Mindre enn 3 måneder siden	20-39 ganger	N		-2.0	2.0	2.0	2.0	2.0	-2.0	1.0		2.0	-2.0	-2.0	2.0	2.0	-1.0	-2.0	-2.0	-2.0	2.0	2.0	2.0	1.0				6.0	5 minutter 37 sekunder
214	12733743	Y	45-60	S	K	N		Mindre enn 3 måneder siden	3-5 ganger	Y	N	-2.0	1.0	2.0	2.0		1.0	2.0	2.0	2.0	-2.0	-2.0	1.0	2.0												7.0	9 minutter 31 sekunder
215	12733858	Y	45-60	T	K	N		Mindre enn 3 måneder siden	6-9 ganger	N		-2.0	2.0	2.0	2.0	1.0	1.0	1.0	0.0	2.0	-1.0	-2.0	2.0	2.0	-2.0	-2.0	0.0	-2.0	0.0	0.0	0.0	0.0				7.0	5 minutter 37 sekunder
216	12734036	Y	Over_60	T	K	N		Mindre enn 3 måneder siden	10-19 ganger	N		-2.0	2.0	-2.0	2.0	1.0	0.0	2.0		2.0	-2.0	-2.0	2.0	0.0	-2.0	-2.0	-2.0	-2.0	2.0	0.0	0.0	1.0				7.0	8 minutter 32 sekunder
217	12735422	Y	30-44	V	K	Y	Funksjonsvariasjon	3-11 måneder siden	6-9 ganger	Y	Y	-2.0	2.0	2.0	2.0	1.0	2.0	1.0	0.0	2.0	-2.0	-2.0	2.0	0.0	-2.0	-2.0	-2.0	-2.0	2.0	2.0	2.0	2.0				6.0	4 minutter
218	12737229	Y	Over_60	O	K	N		3-6 år siden	1-2 ganger	Y	N	-2.0	0.0	0.0	1.0	1.0	1.0	1.0	-2.0	1.0	-1.0	-1.0	1.0	1.0												5.0	7 minutter 21 sekunder
219	12738880	Y	45-60	V	K	N		Mindre enn 3 måneder siden	10-19 ganger	N		-2.0	2.0	2.0	2.0	2.0	1.0	1.0	-2.0	2.0	-2.0	-2.0	2.0	2.0	-2.0	-2.0	-2.0	-2.0	-1.0	-1.0	-1.0	-1.0				6.0	5 minutter 21 sekunder
220	12740618	Y	Over_60	O	K	Y	Går på krykker	1-3 år siden	20-39 ganger	N		-2.0	2.0	2.0		2.0	-2.0	2.0		2.0	-2.0	-2.0	2.0	2.0	0.0	-2.0	-2.0	0.0	0.0	1.0	1.0	2.0				7.0	6 minutter 18 sekunder
221	12741823	Y	45-60	O	K	N		6 år siden eller mer																									-2.0	-1.0	2.0		4 minutter 25 sekunder
222	12742879	Y	Over_60	O	K	N		Mindre enn 3 måneder siden	40 ganger eller mer	Y	N	-2.0	2.0	2.0	0.0	0.0	-1.0	2.0	1.0	2.0	-2.0	-2.0	2.0	1.0	-2.0	-2.0	-2.0	-2.0	2.0	2.0	2.0	0.0				7.0	12 minutter 24 sekunder
223	12743189	Y	30-44	O	K	N		Mindre enn 3 måneder siden	20-39 ganger	N		-2.0	2.0	2.0	2.0	2.0	0.0	0.0	1.0	2.0	-2.0	-2.0	2.0	2.0	-2.0	-2.0	-2.0	-2.0	2.0	2.0	2.0	2.0				7.0	4 minutter 47 sekunder
224	12744684	Y	Over_60	O	K	N		Mindre enn 3 måneder siden	20-39 ganger	Y	N	-2.0	2.0	2.0	2.0	0.0	0.0	2.0		2.0	-2.0	-2.0	2.0	2.0	0.0	0.0	0.0	0.0	1.0	1.0	1.0	1.0				6.0	6 minutter 10 sekunder
225	12763450	Y	30-44	O	K	N		Mindre enn 3 måneder siden	6-9 ganger	Y	Y	-2.0	2.0	2.0	2.0	2.0	0.0	2.0	0.0	2.0	-2.0	-2.0	2.0	2.0	0.0	-1.0	2.0	0.0	0.0	2.0	2.0	2.0				7.0	4 minutter 27 sekunder
226	12764692	Y	Over_60	S	K	N		Mindre enn 3 måneder siden	6-9 ganger	N		-2.0	1.0	2.0	2.0	2.0	0.0	1.0	-1.0	1.0			2.0	0.0	-2.0	-2.0	-2.0	-2.0	1.0	1.0	1.0	1.0				6.0	11 minutter 22 sekunder
227	12796220	Y	45-60	O	K	Y		Mindre enn 3 måneder siden	10-19 ganger	Y	Y	-2.0	2.0			0.0	-2.0	2.0		2.0	-2.0	-2.0	2.0	2.0	0.0	-1.0	0.0	-1.0	0.0	0.0	0.0	0.0				7.0	8 minutter 10 sekunder
228	12812787	N	45-60	O	K	Y	funksjonshemmet og nevromangfoldig	1-3 år siden	6-9 ganger	Y	Y	-2.0	2.0				-2.0	1.0	0.0	2.0	-2.0	-2.0	2.0	2.0	-2.0	-2.0	-2.0	-2.0	0.0	-1.0	2.0	0.0				6.0	14 minutter 34 sekunder
229	12814347	Y	30-44	N	M	N		Mindre enn 3 måneder siden	20-39 ganger	N		-1.0	1.0	2.0	2.0	-1.0	-1.0	1.0		2.0	-1.0	-2.0	2.0	0.0	2.0	1.0	0.0	-2.0	1.0	1.0	2.0	1.0				6.0	15 minutter 5 sekunder
230	12817916	Y	45-60	O	K	N		3-11 måneder siden	6-9 ganger	Y	N	-1.0	2.0				-2.0	0.0	0.0	2.0	-2.0	0.0		2.0	0.0	0.0	0.0	-2.0	0.0	0.0	2.0	1.0				6.0	7 minutter 59 sekunder
231	12822372	Y	Over_60	O	M	N		3-11 måneder siden	1-2 ganger	Y	Y	-2.0	2.0						2.0	2.0				0.0												6.0	4 minutter 10 sekunder
232	12827580	Y	45-60	T	M	N		6 år siden eller mer																									-2.0	0.0	2.0		1 minutt 35 sekunder
233	12843085	Y	45-60	O	K	Y	melaninrik	Mindre enn 3 måneder siden	20-39 ganger	Y	Y	-2.0	1.0	2.0	2.0	0.0	2.0	1.0	2.0	2.0	-2.0	-2.0	2.0	-2.0	1.0	1.0	1.0	1.0	2.0	2.0	2.0	2.0				6.0	5 minutter 54 sekunder
234	12847221	Y	30-44	S	K	N		Mindre enn 3 måneder siden	20-39 ganger	N		-2.0	2.0	2.0	2.0	2.0	-1.0	2.0	1.0	2.0	-2.0	-2.0	2.0	2.0	-2.0	-2.0	0.0	-2.0	2.0	2.0	2.0	2.0				7.0	2 minutter 48 sekunder
235	12862424	Y	Over_60	V	K	N		Mindre enn 3 måneder siden	20-39 ganger	N		-2.0	2.0	1.0	2.0	1.0	-1.0	-1.0	1.0	2.0	-2.0	-2.0	2.0	2.0	0.0	-1.0	0.0	-2.0	2.0	2.0	2.0	2.0				3.0	6 minutter 52 sekunder
236	12867371	Y	30-44	O	K	N		Mindre enn 3 måneder siden	20-39 ganger	Y	Y	-2.0	2.0	0.0	0.0	0.0	0.0	0.0	0.0	2.0	-2.0	-2.0	0.0	0.0	0.0	-2.0	-2.0	-2.0	1.0	1.0	1.0	1.0				6.0	8 minutter 25 sekunder
237	12876532	Y	16-29	O	K	N		Mindre enn 3 måneder siden	40 ganger eller mer	Y	Y	-1.0	1.0	2.0	2.0	1.0	-1.0	1.0	2.0	0.0	0.0	0.0	0.0	2.0	0.0	0.0	-1.0	-2.0	2.0	2.0	2.0	2.0				7.0	14 minutter 29 sekunder
238	12876952	Y	16-29	O	K	N		Mindre enn 3 måneder siden	6-9 ganger	Y	Y	-2.0	2.0	2.0	2.0	2.0	2.0	2.0	2.0	2.0	-2.0	-2.0	2.0	2.0	-1.0	-2.0	-2.0	-2.0	2.0	2.0	2.0	2.0				7.0	3 minutter 5 sekunder
239	12877340	Y	30-44	S	K	N		3-11 måneder siden	3-5 ganger	Y	N	-2.0	2.0	2.0	2.0	2.0	-2.0	2.0	1.0	2.0	-2.0	-2.0	2.0	2.0												6.0	4 minutter
240	12877375	Y	30-44	O	K	Y	Ja er russer	Mindre enn 3 måneder siden	20-39 ganger	Y	N	-2.0	2.0	2.0			1.0	2.0		2.0	-2.0	-2.0	-1.0	2.0	-1.0	0.0	2.0	-2.0	-2.0	-2.0	-2.0	-2.0				6.0	11 minutter 3 sekunder
241	12878912	Y	16-29	V	K	N		Mindre enn 3 måneder siden	20-39 ganger	Y	N	-2.0	2.0	1.0	2.0	1.0	2.0	2.0	0.0	2.0	-2.0	1.0	2.0	2.0	1.0	0.0	0.0	-1.0	2.0	2.0	2.0	1.0				6.0	3 minutter 49 sekunder
242	12879477	Y	30-44	O	K	U	Adoptert asiatisk utseende	3-11 måneder siden	1-2 ganger	Y	N	-1.0	1.0	1.0	2.0	1.0	1.0	-1.0	0.0	1.0	2.0	2.0	1.0	1.0												5.0	4 minutter 3 sekunder
243	12879749	Y	45-60	O	K	N		1-3 år siden	1-2 ganger	Y	N	-2.0	2.0	2.0	0.0	1.0	-2.0	2.0	-1.0	2.0	-2.0	-2.0	2.0	2.0												6.0	4 minutter 21 sekunder
244	12886713	Y	30-44	O	K	N		1-3 år siden	1-2 ganger	Y	N	-2.0	2.0	2.0	2.0	2.0	-1.0	2.0	0.0	2.0	-2.0	-2.0	2.0	2.0												7.0	4 minutter 4 sekunder
245	12886894	Y	16-29	O	K	N		3-11 måneder siden	1-2 ganger	Y	N	-2.0	2.0	1.0	2.0	1.0	1.0	-1.0	0.0	2.0	-2.0	-2.0	0.0	1.0												5.0	4 minutter 5 sekunder
246	12887072	Y	45-60	O	K	N		3-11 måneder siden	6-9 ganger	Y	N	-2.0	2.0	0.0	0.0	0.0	2.0	2.0	1.0	2.0	-2.0	-2.0	2.0	2.0	0.0	0.0	0.0	0.0	2.0	2.0	2.0	2.0				7.0	4 minutter 44 sekunder
247	12887907	Y	16-29	O	K	N		Mindre enn 3 måneder siden	20-39 ganger	N		-2.0	2.0	2.0	2.0	2.0	1.0	1.0	0.0	2.0	-2.0	1.0	1.0	1.0	1.0	1.0	1.0	0.0	2.0	2.0	2.0	2.0				6.0	8 minutter 4 sekunder
248	12888669	Y	45-60	O	K	N		Mindre enn 3 måneder siden	40 ganger eller mer	Y	N	-2.0	2.0	2.0	2.0	2.0	-2.0	1.0	1.0	2.0	-2.0	-2.0	2.0	2.0	-1.0	-1.0	0.0	-2.0	2.0	2.0	2.0	2.0				5.0	13 minutter 7 sekunder
249	12888765	Y	45-60	O	K	N		3-11 måneder siden	6-9 ganger	Y	N	-2.0	1.0	0.0	2.0	2.0	0.0	2.0	1.0	2.0	-2.0	-2.0	2.0	2.0	0.0	-2.0	-2.0	-2.0	2.0	1.0	2.0	2.0				7.0	4 minutter 48 sekunder
250	12890450	Y	45-60	O	K	U		3-11 måneder siden	1-2 ganger	Y	Y	-1.0	1.0	1.0	2.0	2.0	1.0	2.0	0.0	2.0	-2.0	-2.0	2.0	2.0												5.0	6 minutter 54 sekunder
251	12891094	Y	45-60	O	M	N		Mindre enn 3 måneder siden	10-19 ganger	Y	N	-2.0	2.0	2.0	2.0	2.0	-2.0	2.0	-1.0	2.0	-2.0	-2.0	2.0	2.0	0.0	-2.0	-2.0	-2.0	0.0	0.0	0.0	0.0				7.0	5 minutter 28 sekunder
252	12895701	Y	45-60	O	M	Y	Katalansk	Mindre enn 3 måneder siden	40 ganger eller mer	Y	N	-2.0	2.0	0.0	1.0		0.0	2.0		2.0	-2.0	-2.0	2.0	0.0	1.0	1.0	2.0	1.0	0.0	0.0	0.0	0.0				6.0	6 minutter 30 sekunder
253	12897786	Y	30-44	O	M	N		Mindre enn 3 måneder siden	6-9 ganger	Y	N	-2.0	2.0	2.0	2.0	0.0	0.0	1.0	-2.0	2.0	-2.0	-2.0	2.0	2.0	-2.0	-2.0	-2.0	-2.0	-2.0	-2.0	-2.0	-2.0				6.0	4 minutter 52 sekunder
254	12900794	Y	45-60	O	K	N		3-11 måneder siden	6-9 ganger	Y	N	-2.0	1.0	2.0	2.0	2.0	-1.0	2.0	2.0	2.0	-2.0	-2.0	2.0	1.0	1.0	1.0	1.0	0.0	2.0	2.0	2.0	2.0				6.0	5 minutter 9 sekunder
255	12982225	Y	30-44	V	M	N		3-11 måneder siden	10-19 ganger	Y	N	-2.0	1.0	2.0	2.0	2.0	-1.0	2.0	1.0	2.0	-2.0	-1.0	2.0	1.0	0.0	-2.0	-1.0	0.0	2.0	2.0	2.0	2.0				6.0	40 minutter 31 sekunder
256	12990428	Y	30-44	O	M	Y	Jeg er jødisk nordmann	3-11 måneder siden	3-5 ganger	Y	Y	-1.0	2.0	2.0	2.0	1.0	-1.0	0.0	2.0	2.0	-2.0	-2.0	2.0	2.0												6.0	3 minutter 37 sekunder
257	13012882	Y	16-29	O	K	N		Mindre enn 3 måneder siden	20-39 ganger	Y	N	-2.0	2.0	2.0	2.0	2.0	2.0	2.0	2.0	2.0	-2.0	-2.0	2.0	2.0	-1.0	-1.0	1.0	-1.0	2.0	2.0	2.0	2.0				7.0	7 minutter 32 sekunder
258	13036716	Y	16-29	V	K	N		Mindre enn 3 måneder siden	40 ganger eller mer	N		-2.0	2.0	0.0	0.0	0.0	0.0	0.0	0.0	2.0	-2.0	-2.0	2.0	2.0	-1.0	-2.0	-1.0	-2.0	2.0	2.0	2.0	2.0				7.0	3 minutter 37 sekunder
259	13037959	Y	16-29	O	K	N		Mindre enn 3 måneder siden	20-39 ganger	Y	Y	-2.0	2.0	2.0	2.0	1.0	1.0	1.0	1.0	2.0	-2.0	-2.0	2.0	1.0	-2.0	-2.0	-1.0	-1.0	2.0	2.0	2.0	2.0				6.0	3 minutter 41 sekunder
260	13161638	Y	16-29	V	M	N		3-11 måneder siden	3-5 ganger	N		-2.0	1.0	0.0	0.0	0.0	-2.0	1.0	0.0	2.0	-2.0	1.0	-1.0	2.0												6.0	8 minutter 23 sekunder
261	13171052	Y	16-29	O	K	N		Mindre enn 3 måneder siden	40 ganger eller mer	Y	N	-1.0	1.0	2.0	2.0	2.0	2.0	1.0	1.0	2.0	-1.0	-2.0	1.0	2.0	0.0	0.0	-1.0	-2.0	2.0	2.0	2.0	2.0				6.0	5 minutter 53 sekunder
262	13177813	Y	45-60	O	M	N		Mindre enn 3 måneder siden	10-19 ganger	Y	Y	-2.0	2.0	2.0	2.0	2.0	-2.0	2.0	1.0	2.0	-2.0	-2.0	2.0	2.0	-2.0	-1.0	1.0	-1.0	0.0	0.0	2.0	0.0				7.0	2 minutter 57 sekunder
263	13177865	Y	30-44	O	K	N		Mindre enn 3 måneder siden	10-19 ganger	Y	Y	-2.0	1.0	2.0	2.0	0.0	-2.0	-1.0	0.0	2.0	-2.0	2.0	1.0	2.0	0.0	0.0	0.0	0.0	2.0	2.0	2.0	2.0				6.0	3 minutter 17 sekunder
264	13178125	Y	16-29	T	K	N		Mindre enn 3 måneder siden	3-5 ganger	Y	N	-1.0	2.0	2.0	2.0	2.0	1.0	2.0	-1.0	2.0	-2.0	-2.0	2.0	1.0												7.0	9 minutter 41 sekunder
265	13178500	Y	45-60	O	K	Y	Lever med kronisk, ikke synlig smerte	6 år siden eller mer																									-2.0	-1.0	1.0		4 minutter 25 sekunder
266	13178938	Y	30-44	O	K	N		Mindre enn 3 måneder siden	3-5 ganger	Y	Y	-2.0	2.0	2.0	2.0	0.0	-1.0	2.0	0.0	2.0	-2.0	-2.0	2.0	1.0												7.0	3 minutter 39 sekunder
